Key,Value
CellProfiler_Version,3.1.5
ChannelType_GT,Color
ChannelType_HnE,Color
ChannelType_Label,Mask
ImageSet_Zip_Dictionary,PD94bWwgdmVyc2lvbj0iMS4wIiBlbmNvZGluZz0iVVRGLTgiPz48T01FIHhtbG5zPSJodHRwOi8vd3d3Lm9wZW5taWNyb3Njb3B5Lm9yZy9TY2hlbWFzL09NRS8yMDE2LTA2Ij48SW1hZ2UgSUQ9IkhuRSI+PFBpeGVscyBEaW1lbnNpb25PcmRlcj0iWFlDWlQiIElEPSJQaXhlbHM6SG5FIiBTaXplQz0iMSIgU2l6ZVQ9IjEiIFNpemVYPSIxIiBTaXplWT0iMSI+PFRpZmZEYXRhIEZpcnN0Qz0iMCIgRmlyc3RUPSIwIiBGaXJzdFo9IjAiIElGRD0iMCIgUGxhbmVDb3VudD0iMSI+PFVVSUQgRmlsZU5hbWU9ImZpbGU6L2hvbWUvaHVhbmdjaC93b3Jrc3BhY2UvYXV0b21hdGVkX3BhdGhvbG9neS9seW1waG9jeXRlL2RhdGFzZXQvbm9ybWFsaXplZF9kYXRhL2ltMDAxLnRpZiIvPjwvVGlmZkRhdGE+PFBsYW5lIFRoZUM9IjAiIFRoZVQ9IjAiIFRoZVo9IjAiPjxBbm5vdGF0aW9uUmVmIElEPSJpbmZvOi8vY2VsbHByb2ZpbGVyLm9yZy9pbWFnZXNldC9hbm5vdGF0aW9uLzIwMTQtMDQtMTcvQ2hhbm5lbC8tMiIvPjwvUGxhbmU+PC9QaXhlbHM+PC9JbWFnZT48SW1hZ2UgSUQ9IkxhYmVsIj48UGl4ZWxzIERpbWVuc2lvbk9yZGVyPSJYWUNaVCIgSUQ9IlBpeGVsczpMYWJlbCIgU2l6ZVQ9IjEiIFNpemVYPSIxIiBTaXplWT0iMSI+PFRpZmZEYXRhIEZpcnN0Qz0iMCIgRmlyc3RUPSIwIiBGaXJzdFo9IjAiIElGRD0iMCIgUGxhbmVDb3VudD0iMSI+PFVVSUQgRmlsZU5hbWU9ImZpbGU6L2hvbWUvaHVhbmdjaC93b3Jrc3BhY2UvYXV0b21hdGVkX3BhdGhvbG9neS9seW1waG9jeXRlL2RhdGFzZXQvbWFudWFsX3NlZy9jZW50ZXIvMDFtLnRpZiIvPjwvVGlmZkRhdGE+PFBsYW5lIFRoZUM9IjAiIFRoZVQ9IjAiIFRoZVo9IjAiLz48L1BpeGVscz48L0ltYWdlPjxJbWFnZSBJRD0iR1QiPjxQaXhlbHMgRGltZW5zaW9uT3JkZXI9IlhZQ1pUIiBJRD0iUGl4ZWxzOkdUIiBTaXplQz0iMSIgU2l6ZVQ9IjEiIFNpemVYPSIxIiBTaXplWT0iMSI+PFRpZmZEYXRhIEZpcnN0Qz0iMCIgRmlyc3RUPSIwIiBGaXJzdFo9IjAiIElGRD0iMCIgUGxhbmVDb3VudD0iMSI+PFVVSUQgRmlsZU5hbWU9ImZpbGU6L2hvbWUvaHVhbmdjaC93b3Jrc3BhY2UvYXV0b21hdGVkX3BhdGhvbG9neS9seW1waG9jeXRlL2RhdGFzZXQvbWFudWFsX3NlZy9ncm91bmR0cnV0aF9mb3YvaW0wdGlmPjxQbGFuZSBUaGVDPSIwIiBUaGVUPSIwIlo9IjAiPjxBbm5vdGF0aW9uZiBJaW5mbzovL2Nlcm9lcm9yZ21hc2V0L2Fubm90YXRpb24vMjAxNC0wN0NoYW5uZWwvLTIiLz48L2U+PC9QeHM+PC90cnVlZExvbmdBbm5vdGF0aW9ucGFlc2NyYW5uRGVzY3JpcHRpb24+VmFsdWU+PHRpb24+PFN0cnVjdHVyZWRBbm5vdGF0aW9ucz48Ty9pbTAyNi50aWYiLz48L1RpZmZEYXRhPjxQbGFuZSBUaGVDPSIwIiBUaGVUPSIwIiBUaGVaPSIwIj48QW5ub3RhdGlvblJlZiBJRD0iaW5mbzovL2NlbGxwcm9maWxlci5vcmcvaW1hZ2VzZXQvYW5ub3RhdGlvbi8yMDE0LTA0LTE3L0NoYW5uZWwvLTIiLz48L1BsYW5lPjwvUGl4ZWxzPjwvSW1hZ2U+PEltYWdlIElEPSJMYWJlbCI+PFBpeGVscyBEaW1lbnNpb25PcmRlcj0iWFlDWlQiIElEPSJQaXhlbHM6TGFiZWwiIFNpemVUPSIxIiBTaXplWD0iMSIgU2l6ZVk9IjEiPjxUaWZmRGF0YSBGaXJzdEM9IjAiIEZpcnN0VD0iMCIgRmlyc3RaPSIwIiBJRkQ9IjAiIFBsYW5lQ291bnQ9IjEiPjxVVUlEIEZpbGVOYW1lPSJmaWxlOi9ob21lL2h1YW5nY2gvd29ya3NwYWNlL2F1dG9tYXRlZF9wYXRob2xvZ3kvbHltcGhvY3l0ZS9kYXRhc2V0L21hbnVhbF9zZWcvY2VudGVyLzA2bS50aWYiLz48L1RpZmZEYXRhPjxQbGFuZSBUaGVDPSIwIiBUaGVUPSIwIiBUaGVaPSIwIi8+PC9QaXhlbHM+PC9JbWFnZT48SW1hZ2UgSUQ9IkdUIj48UGl4ZWxzIERpbWVuc2lvbk9yZGVyPSJYWUNaVCIgSUQ9IlBpeGVsczpHVCIgU2l6ZUM9IjEiIFNpemVUPSIxIiBTaXplWD0iMSIgU2l6ZVk9IjEiPjxUaWZmRGF0YSBGaXJzdEM9IjAiIEZpcnN0VD0iMCIgRmlyc3RaPSIwIiBJRkQ9IjAiIFBsYW5lQ291bnQ9IjEiPjxVVUlEIEZpbGVOYW1lPSJmaWxlOi9ob21lL2h1YW5nY2gvd29ya3NwYWNlL2F1dG9tYXRlZF9wYXRob2xvZ3kvbHltcGhvY3l0ZS9kYXRhc2V0L21hbnVhbF9zZWcvZ3JvdW5kdHJ1dGhfZm92L2ltMC9pbTA1MXhtbHJzaW9uMS4wImVuY29uZ0Y/T01FbnNwOi93dy5vcGlzY3kub3JnL1Nhcy9PTUUtNkhuRSIgU2l6ZUM9IjEiIFNpemVYPSIxIlk9IjEiPjxUaWZmRGF0YSBGaXJzdEM9IjAiIEZpcnN0VD0iMCIgWj0iMCJEPSJhbm50PSIxVUlEIEZpTmFtZT0iZmlsZTovaG1ldWNoL3dzcGFjZS9vbWhvdGVhdHRub2VkX2RhdGEvaW0wNzYudGlmIi8+PC9UaWZmRGF0YT48UGxhbmUgVGhlQz0iMCIgVGhlVD0iMCIgVGhlWj0iMCI+PEFubm90YXRpb25SZWYgSUQ9ImluZm86Ly9jZWxscHJvZmlsZXIub3JnL2ltYWdlc2V0L2Fubm90YXRpb24vMjAxNC0wNC0xNy9DaGFubmVsLy0yIi8+PC9QbGFuZT48L1BpeGVscz48L0ltYWdlPjxJbWFnZSBMZWw+PFBpeGVscyBUIiBJTGFiZWwiIFNpemVUPSIxIiBTaXplWD0iMSIgU2l6ZVk9IjEiPjxUaWZmRGF0YSBGaXJzdEM9IjAiIEZpcnN0VD0iMCIgRmlyc3RaPSIwIiBJRkQ9IjAiIFBsYW5lQ291bnQ9IjEiPjxVVUlEIEZpbGVOYW1lPSJmaWxlOi9ob21lL2h1YW5nY2gvd29ya3NwYWNlL2F1dG9tYXRlZF9wYXRob2xvZ3kvbHltcGhvY3l0ZS9kYXRhc2V0L21hbnVhbF9zZWcvY20udGlmIi8+PC9UaWZmRGF0YT48UGxhbmUgVGhlQz0iMCIgVGhlVD0iMCIgVGhlWj0iMCIvPjwvUGl4ZWxzPjwvSW1hZ2U+PEltYWdlIElEPSJUIj48UGl4ZWxzIERpbWVuc2lvbk9yZGVyPSJYWUNaVCIgSUQ9IlBpeGVsczpHVCIgU2l6ZUM9IjEiIFNpemVUPSIxIiBTaXplWD0iMSIgU2l6ZVk9IjEiPjxUaWZmRGF0YSBGaXJzdEM9IjAiIEZpcnN0VD0iMCIgRmlyc3RaPSIwIiBJRkQ9IjAiIFBsYW5lQ291bnQ9IjEiPjxVVUlEIEZpbGVOYW1lPSJmaWxlOi9ob21lL2h1YW5nY2gvd29ya3NwYWNlL2F1dG9tYXRlZF9wYXRob2xvZ3kvbHltcGhvY3l0ZS9kYXRhc2V0L3VhbHNlb3VudXRodi9pbQ==
Metadata_Tags,"[""ImageNumber""]"
Pipeline_Pipeline,"CellProfiler Pipeline: http://www.cellprofiler.org
Version:4
DateRevision:315
GitHash:
ModuleCount:17
HasImagePlaneDetails:False

Images:[module_num:1|svn_version:\'Unknown\'|variable_revision_number:2|show_window:False|notes:\x5B\'To begin creating your project, use the Images module to compile a list of files and/or folders that you want to analyze. You can also specify a set of rules to include only the desired files in your selected folders.\'\x5D|batch_state:array(\x5B\x5D, dtype=uint8)|enabled:True|wants_pause:False]
    :\xff\xfe
    Filter images?:\xff\xfeI\x00m\x00a\x00g\x00e\x00s\x00 \x00o\x00n\x00l\x00y\x00
    Select the rule criteria:\xff\xfea\x00n\x00d\x00 \x00(\x00e\x00x\x00t\x00e\x00n\x00s\x00i\x00o\x00n\x00 \x00d\x00o\x00e\x00s\x00 \x00i\x00s\x00i\x00m\x00a\x00g\x00e\x00)\x00 \x00(\x00d\x00i\x00r\x00e\x00c\x00t\x00o\x00r\x00y\x00 \x00d\x00o\x00e\x00s\x00n\x00o\x00t\x00 \x00c\x00o\x00n\x00t\x00a\x00i\x00n\x00r\x00e\x00g\x00e\x00x\x00p\x00 \x00""\x00\x5B\x00\\\x00\\\x00\\\x00\\\x00/\x00\x5D\x00\\\x00\\\x00.\x00""\x00)\x00

Metadata:[module_num:2|svn_version:\'Unknown\'|variable_revision_number:5|show_window:False|notes:\x5B\'The Metadata module optionally allows you to extract information describing your images (i.e, metadata) which will be stored along with your measurements. This information can be contained in the file name and/or location, or in an external file.\'\x5D|batch_state:array(\x5B\x5D, dtype=uint8)|enabled:True|wants_pause:False]
    Extract metadata?:\xff\xfeN\x00o\x00
    Metadata data type:\xff\xfeT\x00e\x00x\x00t\x00
    Metadata types:\xff\xfe{\x00}\x00
    Extraction method count:\xff\xfe1\x00
    Metadata extraction method:\xff\xfeE\x00x\x00t\x00r\x00a\x00c\x00t\x00 \x00f\x00r\x00o\x00m\x00 \x00f\x00i\x00l\x00e\x00/\x00f\x00o\x00l\x00d\x00e\x00r\x00 \x00n\x00a\x00m\x00e\x00s\x00
    Metadata source:\xff\xfeF\x00i\x00l\x00e\x00 \x00n\x00a\x00m\x00e\x00
    Regular expression to extract from file name:\xff\xfe^\x00(\x00?\x00P\x00<\x00P\x00l\x00a\x00t\x00e\x00>\x00.\x00*\x00)\x00_\x00(\x00?\x00P\x00<\x00W\x00e\x00l\x00l\x00>\x00\x5B\x00A\x00-\x00P\x00\x5D\x00\x5B\x000\x00-\x009\x00\x5D\x00{\x002\x00}\x00)\x00_\x00s\x00(\x00?\x00P\x00<\x00S\x00i\x00t\x00e\x00>\x00\x5B\x000\x00-\x009\x00\x5D\x00)\x00_\x00w\x00(\x00?\x00P\x00<\x00C\x00h\x00a\x00n\x00n\x00e\x00l\x00N\x00u\x00m\x00b\x00e\x00r\x00>\x00\x5B\x000\x00-\x009\x00\x5D\x00)\x00
    Regular expression to extract from folder name:\xff\xfe(\x00?\x00P\x00<\x00D\x00a\x00t\x00e\x00>\x00\x5B\x000\x00-\x009\x00\x5D\x00{\x004\x00}\x00_\x00\x5B\x000\x00-\x009\x00\x5D\x00{\x002\x00}\x00_\x00\x5B\x000\x00-\x009\x00\x5D\x00{\x002\x00}\x00)\x00$\x00
    Extract metadata from:\xff\xfeA\x00l\x00l\x00 \x00i\x00m\x00a\x00g\x00e\x00s\x00
    Select the filtering criteria:\xff\xfea\x00n\x00d\x00 \x00(\x00f\x00i\x00l\x00e\x00 \x00d\x00o\x00e\x00s\x00 \x00c\x00o\x00n\x00t\x00a\x00i\x00n\x00 \x00""\x00""\x00)\x00
    Metadata file location:\xff\xfeE\x00l\x00s\x00e\x00w\x00h\x00e\x00r\x00e\x00.\x00.\x00.\x00\x7C\x00
    Match file and image metadata:\xff\xfe\x5B\x00\x5D\x00
    Use case insensitive matching?:\xff\xfeN\x00o\x00
    Metadata file name:\xff\xfeN\x00o\x00n\x00e\x00

NamesAndTypes:[module_num:3|svn_version:\'Unknown\'|variable_revision_number:8|show_window:False|notes:\x5B\'The NamesAndTypes module allows you to assign a meaningful name to each image by which other modules will refer to it.\'\x5D|batch_state:array(\x5B\x5D, dtype=uint8)|enabled:True|wants_pause:False]
    Assign a name to:\xff\xfeI\x00m\x00a\x00g\x00e\x00s\x00 \x00m\x00a\x00t\x00c\x00h\x00i\x00n\x00g\x00 \x00r\x00u\x00l\x00e\x00s\x00
    Select the image type:\xff\xfeB\x00i\x00n\x00a\x00r\x00y\x00 \x00m\x00a\x00s\x00k\x00
    Name to assign these images:\xff\xfeH\x00n\x00E\x00
    Match metadata:\xff\xfe\x5B\x00\x5D\x00
    Image set matching method:\xff\xfeO\x00r\x00d\x00e\x00r\x00
    Set intensity range from:\xff\xfeI\x00m\x00a\x00g\x00e\x00 \x00m\x00e\x00t\x00a\x00d\x00a\x00t\x00a\x00
    Assignments count:\xff\xfe3\x00
    Single images count:\xff\xfe0\x00
    Maximum intensity:\xff\xfe2\x005\x005\x00.\x000\x00
    Process as 3D?:\xff\xfeN\x00o\x00
    Relative pixel spacing in X:\xff\xfe1\x00.\x000\x00
    Relative pixel spacing in Y:\xff\xfe1\x00.\x000\x00
    Relative pixel spacing in Z:\xff\xfe1\x00.\x000\x00
    Select the rule criteria:\xff\xfea\x00n\x00d\x00 \x00(\x00d\x00i\x00r\x00e\x00c\x00t\x00o\x00r\x00y\x00 \x00d\x00o\x00e\x00s\x00 \x00e\x00n\x00d\x00w\x00i\x00t\x00h\x00 \x00""\x00n\x00o\x00r\x00m\x00a\x00l\x00i\x00z\x00e\x00d\x00_\x00d\x00a\x00t\x00a\x00""\x00)\x00
    Name to assign these images:\xff\xfeH\x00n\x00E\x00
    Name to assign these objects:\xff\xfeC\x00e\x00l\x00l\x00
    Select the image type:\xff\xfeC\x00o\x00l\x00o\x00r\x00 \x00i\x00m\x00a\x00g\x00e\x00
    Set intensity range from:\xff\xfeI\x00m\x00a\x00g\x00e\x00 \x00b\x00i\x00t\x00-\x00d\x00e\x00p\x00t\x00h\x00
    Maximum intensity:\xff\xfe2\x005\x005\x00.\x000\x00
    Select the rule criteria:\xff\xfea\x00n\x00d\x00 \x00(\x00d\x00i\x00r\x00e\x00c\x00t\x00o\x00r\x00y\x00 \x00d\x00o\x00e\x00s\x00 \x00e\x00n\x00d\x00w\x00i\x00t\x00h\x00 \x00""\x00c\x00e\x00n\x00t\x00e\x00r\x00""\x00)\x00
    Name to assign these images:\xff\xfeL\x00a\x00b\x00e\x00l\x00
    Name to assign these objects:\xff\xfeC\x00e\x00l\x00l\x00
    Select the image type:\xff\xfeB\x00i\x00n\x00a\x00r\x00y\x00 \x00m\x00a\x00s\x00k\x00
    Set intensity range from:\xff\xfeI\x00m\x00a\x00g\x00e\x00 \x00b\x00i\x00t\x00-\x00d\x00e\x00p\x00t\x00h\x00
    Maximum intensity:\xff\xfe2\x005\x005\x00.\x000\x00
    Select the rule criteria:\xff\xfea\x00n\x00d\x00 \x00(\x00d\x00i\x00r\x00e\x00c\x00t\x00o\x00r\x00y\x00 \x00d\x00o\x00e\x00s\x00 \x00c\x00o\x00n\x00t\x00a\x00i\x00n\x00 \x00""\x00g\x00r\x00o\x00u\x00n\x00d\x00t\x00r\x00u\x00t\x00h\x00""\x00)\x00
    Name to assign these images:\xff\xfeG\x00T\x00
    Name to assign these objects:\xff\xfeN\x00u\x00c\x00l\x00e\x00u\x00s\x00
    Select the image type:\xff\xfeC\x00o\x00l\x00o\x00r\x00 \x00i\x00m\x00a\x00g\x00e\x00
    Set intensity range from:\xff\xfeI\x00m\x00a\x00g\x00e\x00 \x00b\x00i\x00t\x00-\x00d\x00e\x00p\x00t\x00h\x00
    Maximum intensity:\xff\xfe2\x005\x005\x00.\x000\x00

Groups:[module_num:4|svn_version:\'Unknown\'|variable_revision_number:2|show_window:False|notes:\x5B\'The Groups module optionally allows you to split your list of images into image subsets (groups) which will be processed independently of each other. Examples of groupings include screening batches, microtiter plates, time-lapse movies, etc.\'\x5D|batch_state:array(\x5B\x5D, dtype=uint8)|enabled:True|wants_pause:False]
    Do you want to group your images?:\xff\xfeN\x00o\x00
    grouping metadata count:\xff\xfe1\x00
    Metadata category:\xff\xfeN\x00o\x00n\x00e\x00

XAEObjectDetection:[module_num:5|svn_version:\'Unknown\'|variable_revision_number:1|show_window:False|notes:\x5B\x5D|batch_state:array(\x5B\x5D, dtype=uint8)|enabled:True|wants_pause:False]
    Select the input image:\xff\xfeH\x00n\x00E\x00
    Name the output image:\xff\xfeX\x00A\x00E\x00O\x00b\x00j\x00e\x00c\x00t\x00D\x00e\x00t\x00e\x00c\x00t\x00i\x00o\x00n\x001\x00
    Use object locations?:\xff\xfeN\x00o\x00
    Input object name:\xff\xfeD\x00o\x00 \x00n\x00o\x00t\x00 \x00u\x00s\x00e\x00
    Input model file location:\xff\xfeD\x00e\x00f\x00a\x00u\x00l\x00t\x00 \x00I\x00n\x00p\x00u\x00t\x00 \x00F\x00o\x00l\x00d\x00e\x00r\x00 \x00s\x00u\x00b\x00-\x00f\x00o\x00l\x00d\x00e\x00r\x00\x7C\x00w\x00o\x00r\x00k\x00s\x00p\x00a\x00c\x00e\x00/\x00a\x00u\x00t\x00o\x00m\x00a\x00t\x00e\x00d\x00_\x00p\x00a\x00t\x00h\x00o\x00l\x00o\x00g\x00y\x00/\x00l\x00y\x00m\x00p\x00h\x00o\x00c\x00y\x00t\x00e\x00
    Filename of the model file to load (Include the extension, e.g., .model, .pickle, .pkl):\xff\xfel\x00y\x00m\x00p\x00h\x00o\x00c\x00y\x00t\x00e\x00_\x00s\x00t\x00a\x00g\x00e\x001\x00.\x00p\x00i\x00c\x00k\x00l\x00e\x00
    Use threshold?:\xff\xfeN\x00o\x00
    Threshold:\xff\xfe0\x00.\x001\x00
    Use advanced settings?:\xff\xfeY\x00e\x00s\x00
    Scale Factor\x3A:\xff\xfe1\x00.\x000\x00
    X-shift\x3A:\xff\xfe-\x001\x00
    Y-shift\x3A:\xff\xfe0\x00
    Batch Size\x3A:\xff\xfe1\x000\x004\x008\x005\x007\x006\x00

IdentifyPrimaryObjects:[module_num:6|svn_version:\'Unknown\'|variable_revision_number:13|show_window:False|notes:\x5B\x5D|batch_state:array(\x5B\x5D, dtype=uint8)|enabled:True|wants_pause:False]
    Select the input image:\xff\xfeX\x00A\x00E\x00O\x00b\x00j\x00e\x00c\x00t\x00D\x00e\x00t\x00e\x00c\x00t\x00i\x00o\x00n\x001\x00
    Name the primary objects to be identified:\xff\xfeI\x00d\x00e\x00n\x00t\x00i\x00f\x00y\x00P\x00r\x00i\x00m\x00a\x00r\x00y\x00O\x00b\x00j\x00e\x00c\x00t\x00s\x001\x00
    Typical diameter of objects, in pixel units (Min,Max):\xff\xfe3\x00,\x001\x001\x00
    Discard objects outside the diameter range?:\xff\xfeY\x00e\x00s\x00
    Discard objects touching the border of the image?:\xff\xfeY\x00e\x00s\x00
    Method to distinguish clumped objects:\xff\xfeI\x00n\x00t\x00e\x00n\x00s\x00i\x00t\x00y\x00
    Method to draw dividing lines between clumped objects:\xff\xfeI\x00n\x00t\x00e\x00n\x00s\x00i\x00t\x00y\x00
    Size of smoothing filter:\xff\xfe1\x000\x00
    Suppress local maxima that are closer than this minimum allowed distance:\xff\xfe7\x00.\x000\x00
    Speed up by using lower-resolution image to find local maxima?:\xff\xfeY\x00e\x00s\x00
    Fill holes in identified objects?:\xff\xfeA\x00f\x00t\x00e\x00r\x00 \x00b\x00o\x00t\x00h\x00 \x00t\x00h\x00r\x00e\x00s\x00h\x00o\x00l\x00d\x00i\x00n\x00g\x00 \x00a\x00n\x00d\x00 \x00d\x00e\x00c\x00l\x00u\x00m\x00p\x00i\x00n\x00g\x00
    Automatically calculate size of smoothing filter for declumping?:\xff\xfeY\x00e\x00s\x00
    Automatically calculate minimum allowed distance between local maxima?:\xff\xfeY\x00e\x00s\x00
    Handling of objects if excessive number of objects identified:\xff\xfeC\x00o\x00n\x00t\x00i\x00n\x00u\x00e\x00
    Maximum number of objects:\xff\xfe5\x000\x000\x00
    Use advanced settings?:\xff\xfeY\x00e\x00s\x00
    Threshold setting version:\xff\xfe1\x000\x00
    Threshold strategy:\xff\xfeA\x00d\x00a\x00p\x00t\x00i\x00v\x00e\x00
    Thresholding method:\xff\xfeM\x00i\x00n\x00i\x00m\x00u\x00m\x00 \x00c\x00r\x00o\x00s\x00s\x00 \x00e\x00n\x00t\x00r\x00o\x00p\x00y\x00
    Threshold smoothing scale:\xff\xfe1\x00.\x003\x004\x008\x008\x00
    Threshold correction factor:\xff\xfe1\x00.\x000\x00
    Lower and upper bounds on threshold:\xff\xfe0\x00.\x000\x00,\x001\x00.\x000\x00
    Manual threshold:\xff\xfe0\x00.\x000\x00
    Select the measurement to threshold with:\xff\xfeN\x00o\x00n\x00e\x00
    Two-class or three-class thresholding?:\xff\xfeT\x00w\x00o\x00 \x00c\x00l\x00a\x00s\x00s\x00e\x00s\x00
    Assign pixels in the middle intensity class to the foreground or the background?:\xff\xfeF\x00o\x00r\x00e\x00g\x00r\x00o\x00u\x00n\x00d\x00
    Size of adaptive window:\xff\xfe2\x000\x00
    Lower outlier fraction:\xff\xfe0\x00.\x000\x005\x00
    Upper outlier fraction:\xff\xfe0\x00.\x000\x005\x00
    Averaging method:\xff\xfeM\x00e\x00a\x00n\x00
    Variance method:\xff\xfeS\x00t\x00a\x00n\x00d\x00a\x00r\x00d\x00 \x00d\x00e\x00v\x00i\x00a\x00t\x00i\x00o\x00n\x00
    # of deviations:\xff\xfe2\x00.\x000\x00
    Thresholding method:\xff\xfeO\x00t\x00s\x00u\x00

ExportToSpreadsheet:[module_num:7|svn_version:\'Unknown\'|variable_revision_number:12|show_window:False|notes:\x5B\x5D|batch_state:array(\x5B\x5D, dtype=uint8)|enabled:True|wants_pause:False]
    Select the column delimiter:\xff\xfeC\x00o\x00m\x00m\x00a\x00 \x00(\x00""\x00,\x00""\x00)\x00
    Add image metadata columns to your object data file?:\xff\xfeN\x00o\x00
    Select the measurements to export:\xff\xfeN\x00o\x00
    Calculate the per-image mean values for object measurements?:\xff\xfeN\x00o\x00
    Calculate the per-image median values for object measurements?:\xff\xfeN\x00o\x00
    Calculate the per-image standard deviation values for object measurements?:\xff\xfeN\x00o\x00
    Output file location:\xff\xfeD\x00e\x00f\x00a\x00u\x00l\x00t\x00 \x00I\x00n\x00p\x00u\x00t\x00 \x00F\x00o\x00l\x00d\x00e\x00r\x00 \x00s\x00u\x00b\x00-\x00f\x00o\x00l\x00d\x00e\x00r\x00\x7C\x00w\x00o\x00r\x00k\x00s\x00p\x00a\x00c\x00e\x00/\x00a\x00u\x00t\x00o\x00m\x00a\x00t\x00e\x00d\x00_\x00p\x00a\x00t\x00h\x00o\x00l\x00o\x00g\x00y\x00/\x00l\x00y\x00m\x00p\x00h\x00o\x00c\x00y\x00t\x00e\x00
    Create a GenePattern GCT file?:\xff\xfeN\x00o\x00
    Select source of sample row name:\xff\xfeM\x00e\x00t\x00a\x00d\x00a\x00t\x00a\x00
    Select the image to use as the identifier:\xff\xfeN\x00o\x00n\x00e\x00
    Select the metadata to use as the identifier:\xff\xfeN\x00o\x00n\x00e\x00
    Export all measurement types?:\xff\xfeY\x00e\x00s\x00
    Press button to select measurements:\xff\xfe
    Representation of Nan/Inf:\xff\xfeN\x00a\x00N\x00
    Add a prefix to file names?:\xff\xfeY\x00e\x00s\x00
    Filename prefix:\xff\xfel\x00y\x00m\x00p\x00h\x00o\x00c\x00y\x00t\x00e\x00_\x00
    Overwrite existing files without warning?:\xff\xfeN\x00o\x00
    Data to export:\xff\xfeD\x00o\x00 \x00n\x00o\x00t\x00 \x00u\x00s\x00e\x00
    Combine these object measurements with those of the previous object?:\xff\xfeN\x00o\x00
    File name:\xff\xfeD\x00A\x00T\x00A\x00.\x00c\x00s\x00v\x00
    Use the object name for the file name?:\xff\xfeY\x00e\x00s\x00

XAEObjectDetection:[module_num:8|svn_version:\'Unknown\'|variable_revision_number:1|show_window:False|notes:\x5B\x5D|batch_state:array(\x5B\x5D, dtype=uint8)|enabled:True|wants_pause:False]
    Select the input image:\xff\xfeH\x00n\x00E\x00
    Name the output image:\xff\xfeX\x00A\x00E\x00O\x00b\x00j\x00e\x00c\x00t\x00D\x00e\x00t\x00e\x00c\x00t\x00i\x00o\x00n\x002\x00
    Use object locations?:\xff\xfeY\x00e\x00s\x00
    Input object name:\xff\xfeI\x00d\x00e\x00n\x00t\x00i\x00f\x00y\x00P\x00r\x00i\x00m\x00a\x00r\x00y\x00O\x00b\x00j\x00e\x00c\x00t\x00s\x001\x00
    Input model file location:\xff\xfeD\x00e\x00f\x00a\x00u\x00l\x00t\x00 \x00I\x00n\x00p\x00u\x00t\x00 \x00F\x00o\x00l\x00d\x00e\x00r\x00 \x00s\x00u\x00b\x00-\x00f\x00o\x00l\x00d\x00e\x00r\x00\x7C\x00w\x00o\x00r\x00k\x00s\x00p\x00a\x00c\x00e\x00/\x00a\x00u\x00t\x00o\x00m\x00a\x00t\x00e\x00d\x00_\x00p\x00a\x00t\x00h\x00o\x00l\x00o\x00g\x00y\x00/\x00l\x00y\x00m\x00p\x00h\x00o\x00c\x00y\x00t\x00e\x00
    Filename of the model file to load (Include the extension, e.g., .model, .pickle, .pkl):\xff\xfel\x00y\x00m\x00p\x00h\x00o\x00c\x00y\x00t\x00e\x00_\x00s\x00t\x00a\x00g\x00e\x002\x00.\x00p\x00i\x00c\x00k\x00l\x00e\x00
    Use threshold?:\xff\xfeY\x00e\x00s\x00
    Threshold:\xff\xfe0\x00.\x001\x00
    Use advanced settings?:\xff\xfeN\x00o\x00
    Scale Factor\x3A:\xff\xfe1\x00.\x000\x00
    X-shift\x3A:\xff\xfe-\x001\x00
    Y-shift\x3A:\xff\xfe0\x00
    Batch Size\x3A:\xff\xfe1\x000\x004\x008\x005\x007\x006\x00

IdentifyPrimaryObjects:[module_num:9|svn_version:\'Unknown\'|variable_revision_number:13|show_window:False|notes:\x5B\x5D|batch_state:array(\x5B\x5D, dtype=uint8)|enabled:True|wants_pause:False]
    Select the input image:\xff\xfeX\x00A\x00E\x00O\x00b\x00j\x00e\x00c\x00t\x00D\x00e\x00t\x00e\x00c\x00t\x00i\x00o\x00n\x002\x00
    Name the primary objects to be identified:\xff\xfeI\x00d\x00e\x00n\x00t\x00i\x00f\x00y\x00P\x00r\x00i\x00m\x00a\x00r\x00y\x00O\x00b\x00j\x00e\x00c\x00t\x00s\x002\x00
    Typical diameter of objects, in pixel units (Min,Max):\xff\xfe1\x00,\x008\x00
    Discard objects outside the diameter range?:\xff\xfeY\x00e\x00s\x00
    Discard objects touching the border of the image?:\xff\xfeY\x00e\x00s\x00
    Method to distinguish clumped objects:\xff\xfeI\x00n\x00t\x00e\x00n\x00s\x00i\x00t\x00y\x00
    Method to draw dividing lines between clumped objects:\xff\xfeI\x00n\x00t\x00e\x00n\x00s\x00i\x00t\x00y\x00
    Size of smoothing filter:\xff\xfe1\x000\x00
    Suppress local maxima that are closer than this minimum allowed distance:\xff\xfe7\x00.\x000\x00
    Speed up by using lower-resolution image to find local maxima?:\xff\xfeY\x00e\x00s\x00
    Fill holes in identified objects?:\xff\xfeA\x00f\x00t\x00e\x00r\x00 \x00b\x00o\x00t\x00h\x00 \x00t\x00h\x00r\x00e\x00s\x00h\x00o\x00l\x00d\x00i\x00n\x00g\x00 \x00a\x00n\x00d\x00 \x00d\x00e\x00c\x00l\x00u\x00m\x00p\x00i\x00n\x00g\x00
    Automatically calculate size of smoothing filter for declumping?:\xff\xfeY\x00e\x00s\x00
    Automatically calculate minimum allowed distance between local maxima?:\xff\xfeY\x00e\x00s\x00
    Handling of objects if excessive number of objects identified:\xff\xfeC\x00o\x00n\x00t\x00i\x00n\x00u\x00e\x00
    Maximum number of objects:\xff\xfe5\x000\x000\x00
    Use advanced settings?:\xff\xfeN\x00o\x00
    Threshold setting version:\xff\xfe1\x000\x00
    Threshold strategy:\xff\xfeG\x00l\x00o\x00b\x00a\x00l\x00
    Thresholding method:\xff\xfeM\x00i\x00n\x00i\x00m\x00u\x00m\x00 \x00c\x00r\x00o\x00s\x00s\x00 \x00e\x00n\x00t\x00r\x00o\x00p\x00y\x00
    Threshold smoothing scale:\xff\xfe1\x00.\x003\x004\x008\x008\x00
    Threshold correction factor:\xff\xfe1\x00.\x000\x00
    Lower and upper bounds on threshold:\xff\xfe0\x00.\x000\x00,\x001\x00.\x000\x00
    Manual threshold:\xff\xfe0\x00.\x000\x00
    Select the measurement to threshold with:\xff\xfeN\x00o\x00n\x00e\x00
    Two-class or three-class thresholding?:\xff\xfeT\x00w\x00o\x00 \x00c\x00l\x00a\x00s\x00s\x00e\x00s\x00
    Assign pixels in the middle intensity class to the foreground or the background?:\xff\xfeF\x00o\x00r\x00e\x00g\x00r\x00o\x00u\x00n\x00d\x00
    Size of adaptive window:\xff\xfe5\x000\x00
    Lower outlier fraction:\xff\xfe0\x00.\x000\x005\x00
    Upper outlier fraction:\xff\xfe0\x00.\x000\x005\x00
    Averaging method:\xff\xfeM\x00e\x00a\x00n\x00
    Variance method:\xff\xfeS\x00t\x00a\x00n\x00d\x00a\x00r\x00d\x00 \x00d\x00e\x00v\x00i\x00a\x00t\x00i\x00o\x00n\x00
    # of deviations:\xff\xfe2\x00.\x000\x00
    Thresholding method:\xff\xfeO\x00t\x00s\x00u\x00

RelateObjects:[module_num:10|svn_version:\'Unknown\'|variable_revision_number:4|show_window:False|notes:\x5B\x5D|batch_state:array(\x5B\x5D, dtype=uint8)|enabled:True|wants_pause:False]
    Parent objects:\xff\xfeI\x00d\x00e\x00n\x00t\x00i\x00f\x00y\x00P\x00r\x00i\x00m\x00a\x00r\x00y\x00O\x00b\x00j\x00e\x00c\x00t\x00s\x001\x00
    Child objects:\xff\xfeI\x00d\x00e\x00n\x00t\x00i\x00f\x00y\x00P\x00r\x00i\x00m\x00a\x00r\x00y\x00O\x00b\x00j\x00e\x00c\x00t\x00s\x002\x00
    Name the output object:\xff\xfeR\x00e\x00l\x00a\x00t\x00e\x00O\x00b\x00j\x00e\x00c\x00t\x00s\x001\x00
    Calculate child-parent distances?:\xff\xfeN\x00o\x00n\x00e\x00
    Calculate per-parent means for all child measurements?:\xff\xfeN\x00o\x00
    Calculate distances to other parents?:\xff\xfeN\x00o\x00
    Parent name:\xff\xfeN\x00o\x00n\x00e\x00
    Parent name:\xff\xfeN\x00o\x00n\x00e\x00
    Parent name:\xff\xfeN\x00o\x00n\x00e\x00
    Parent name:\xff\xfeN\x00o\x00n\x00e\x00
    Parent name:\xff\xfeN\x00o\x00n\x00e\x00
    Parent name:\xff\xfeN\x00o\x00n\x00e\x00
    Parent name:\xff\xfeN\x00o\x00n\x00e\x00
    Parent name:\xff\xfeN\x00o\x00n\x00e\x00
    Parent name:\xff\xfeN\x00o\x00n\x00e\x00
    Parent name:\xff\xfeN\x00o\x00n\x00e\x00
    Parent name:\xff\xfeN\x00o\x00n\x00e\x00
    Parent name:\xff\xfeN\x00o\x00n\x00e\x00
    Parent name:\xff\xfeN\x00o\x00n\x00e\x00
    Parent name:\xff\xfeN\x00o\x00n\x00e\x00
    Parent name:\xff\xfeN\x00o\x00n\x00e\x00
    Parent name:\xff\xfeN\x00o\x00n\x00e\x00
    Parent name:\xff\xfeN\x00o\x00n\x00e\x00
    Parent name:\xff\xfeN\x00o\x00n\x00e\x00
    Parent name:\xff\xfeN\x00o\x00n\x00e\x00
    Parent name:\xff\xfeN\x00o\x00n\x00e\x00

FilterObjects:[module_num:11|svn_version:\'Unknown\'|variable_revision_number:8|show_window:False|notes:\x5B\x5D|batch_state:array(\x5B\x5D, dtype=uint8)|enabled:True|wants_pause:False]
    Select the objects to filter:\xff\xfeI\x00d\x00e\x00n\x00t\x00i\x00f\x00y\x00P\x00r\x00i\x00m\x00a\x00r\x00y\x00O\x00b\x00j\x00e\x00c\x00t\x00s\x001\x00
    Name the output objects:\xff\xfeF\x00i\x00l\x00t\x00e\x00r\x00O\x00b\x00j\x00e\x00c\x00t\x00s\x001\x00
    Select the filtering mode:\xff\xfeM\x00e\x00a\x00s\x00u\x00r\x00e\x00m\x00e\x00n\x00t\x00s\x00
    Select the filtering method:\xff\xfeL\x00i\x00m\x00i\x00t\x00s\x00
    Select the objects that contain the filtered objects:\xff\xfeN\x00o\x00n\x00e\x00
    Select the location of the rules or classifier file:\xff\xfeE\x00l\x00s\x00e\x00w\x00h\x00e\x00r\x00e\x00.\x00.\x00.\x00\x7C\x00
    Rules or classifier file name:\xff\xfer\x00u\x00l\x00e\x00s\x00.\x00t\x00x\x00t\x00
    Class number:\xff\xfe1\x00
    Measurement count:\xff\xfe1\x00
    Additional object count:\xff\xfe0\x00
    Assign overlapping child to:\xff\xfeB\x00o\x00t\x00h\x00 \x00p\x00a\x00r\x00e\x00n\x00t\x00s\x00
    Select the measurement to filter by:\xff\xfeC\x00h\x00i\x00l\x00d\x00r\x00e\x00n\x00_\x00I\x00d\x00e\x00n\x00t\x00i\x00f\x00y\x00P\x00r\x00i\x00m\x00a\x00r\x00y\x00O\x00b\x00j\x00e\x00c\x00t\x00s\x002\x00_\x00C\x00o\x00u\x00n\x00t\x00
    Filter using a minimum measurement value?:\xff\xfeY\x00e\x00s\x00
    Minimum value:\xff\xfe0\x00.\x005\x00
    Filter using a maximum measurement value?:\xff\xfeN\x00o\x00
    Maximum value:\xff\xfe1\x00.\x000\x00

DilateObjects:[module_num:12|svn_version:\'Unknown\'|variable_revision_number:1|show_window:False|notes:\x5B\x5D|batch_state:array(\x5B\x5D, dtype=uint8)|enabled:True|wants_pause:False]
    Select the input object:\xff\xfeF\x00i\x00l\x00t\x00e\x00r\x00O\x00b\x00j\x00e\x00c\x00t\x00s\x001\x00
    Name the output object:\xff\xfeD\x00i\x00l\x00a\x00t\x00e\x00O\x00b\x00j\x00e\x00c\x00t\x00s\x001\x00
    Structuring element:\xff\xfed\x00i\x00s\x00k\x00,\x001\x00

OverlayOutlines:[module_num:13|svn_version:\'Unknown\'|variable_revision_number:4|show_window:True|notes:\x5B\x5D|batch_state:array(\x5B\x5D, dtype=uint8)|enabled:True|wants_pause:False]
    Display outlines on a blank image?:\xff\xfeN\x00o\x00
    Select image on which to display outlines:\xff\xfeG\x00T\x00
    Name the output image:\xff\xfeO\x00r\x00i\x00g\x00O\x00v\x00e\x00r\x00l\x00a\x00y\x002\x00
    Outline display mode:\xff\xfeC\x00o\x00l\x00o\x00r\x00
    Select method to determine brightness of outlines:\xff\xfeM\x00a\x00x\x00 \x00o\x00f\x00 \x00i\x00m\x00a\x00g\x00e\x00
    How to outline:\xff\xfeO\x00u\x00t\x00e\x00r\x00
    Select outline color:\xff\xfey\x00e\x00l\x00l\x00o\x00w\x00
    Select objects to display:\xff\xfeD\x00i\x00l\x00a\x00t\x00e\x00O\x00b\x00j\x00e\x00c\x00t\x00s\x001\x00

SaveImages:[module_num:14|svn_version:\'Unknown\'|variable_revision_number:13|show_window:False|notes:\x5B\x5D|batch_state:array(\x5B\x5D, dtype=uint8)|enabled:True|wants_pause:False]
    Select the type of image to save:\xff\xfeI\x00m\x00a\x00g\x00e\x00
    Select the image to save:\xff\xfeO\x00r\x00i\x00g\x00O\x00v\x00e\x00r\x00l\x00a\x00y\x002\x00
    Select method for constructing file names:\xff\xfeF\x00r\x00o\x00m\x00 \x00i\x00m\x00a\x00g\x00e\x00 \x00f\x00i\x00l\x00e\x00n\x00a\x00m\x00e\x00
    Select image name for file prefix:\xff\xfeG\x00T\x00
    Enter single file name:\xff\xfeO\x00r\x00i\x00g\x00B\x00l\x00u\x00e\x00
    Number of digits:\xff\xfe4\x00
    Append a suffix to the image file name?:\xff\xfeN\x00o\x00
    Text to append to the image name:\xff\xfe
    Saved file format:\xff\xfet\x00i\x00f\x00f\x00
    Output file location:\xff\xfeD\x00e\x00f\x00a\x00u\x00l\x00t\x00 \x00I\x00n\x00p\x00u\x00t\x00 \x00F\x00o\x00l\x00d\x00e\x00r\x00 \x00s\x00u\x00b\x00-\x00f\x00o\x00l\x00d\x00e\x00r\x00\x7C\x00w\x00o\x00r\x00k\x00s\x00p\x00a\x00c\x00e\x00/\x00a\x00u\x00t\x00o\x00m\x00a\x00t\x00e\x00d\x00_\x00p\x00a\x00t\x00h\x00o\x00l\x00o\x00g\x00y\x00/\x00l\x00y\x00m\x00p\x00h\x00o\x00c\x00y\x00t\x00e\x00/\x00d\x00e\x00t\x00e\x00c\x00t\x00i\x00o\x00n\x00_\x00r\x00e\x00s\x00u\x00l\x00t\x00s\x00
    Image bit depth:\xff\xfe8\x00-\x00b\x00i\x00t\x00 \x00i\x00n\x00t\x00e\x00g\x00e\x00r\x00
    Overwrite existing files without warning?:\xff\xfeY\x00e\x00s\x00
    When to save:\xff\xfeE\x00v\x00e\x00r\x00y\x00 \x00c\x00y\x00c\x00l\x00e\x00
    Record the file and path information to the saved image?:\xff\xfeN\x00o\x00
    Create subfolders in the output folder?:\xff\xfeN\x00o\x00
    Base image folder:\xff\xfeE\x00l\x00s\x00e\x00w\x00h\x00e\x00r\x00e\x00.\x00.\x00.\x00\x7C\x00

ConvertObjectsToImage:[module_num:15|svn_version:\'Unknown\'|variable_revision_number:1|show_window:True|notes:\x5B\x5D|batch_state:array(\x5B\x5D, dtype=uint8)|enabled:True|wants_pause:False]
    Select the input objects:\xff\xfeD\x00i\x00l\x00a\x00t\x00e\x00O\x00b\x00j\x00e\x00c\x00t\x00s\x001\x00
    Name the output image:\xff\xfeD\x00e\x00t\x00e\x00c\x00t\x00e\x00d\x00M\x00a\x00s\x00k\x00
    Select the color format:\xff\xfeB\x00i\x00n\x00a\x00r\x00y\x00 \x00(\x00b\x00l\x00a\x00c\x00k\x00 \x00&\x00 \x00w\x00h\x00i\x00t\x00e\x00)\x00
    Select the colormap:\xff\xfeb\x00i\x00n\x00a\x00r\x00y\x00

SaveImages:[module_num:16|svn_version:\'Unknown\'|variable_revision_number:13|show_window:False|notes:\x5B\x5D|batch_state:array(\x5B\x5D, dtype=uint8)|enabled:True|wants_pause:False]
    Select the type of image to save:\xff\xfeI\x00m\x00a\x00g\x00e\x00
    Select the image to save:\xff\xfeD\x00e\x00t\x00e\x00c\x00t\x00e\x00d\x00M\x00a\x00s\x00k\x00
    Select method for constructing file names:\xff\xfeF\x00r\x00o\x00m\x00 \x00i\x00m\x00a\x00g\x00e\x00 \x00f\x00i\x00l\x00e\x00n\x00a\x00m\x00e\x00
    Select image name for file prefix:\xff\xfeG\x00T\x00
    Enter single file name:\xff\xfeO\x00r\x00i\x00g\x00B\x00l\x00u\x00e\x00
    Number of digits:\xff\xfe4\x00
    Append a suffix to the image file name?:\xff\xfeN\x00o\x00
    Text to append to the image name:\xff\xfe
    Saved file format:\xff\xfet\x00i\x00f\x00f\x00
    Output file location:\xff\xfeD\x00e\x00f\x00a\x00u\x00l\x00t\x00 \x00I\x00n\x00p\x00u\x00t\x00 \x00F\x00o\x00l\x00d\x00e\x00r\x00 \x00s\x00u\x00b\x00-\x00f\x00o\x00l\x00d\x00e\x00r\x00\x7C\x00w\x00o\x00r\x00k\x00s\x00p\x00a\x00c\x00e\x00/\x00a\x00u\x00t\x00o\x00m\x00a\x00t\x00e\x00d\x00_\x00p\x00a\x00t\x00h\x00o\x00l\x00o\x00g\x00y\x00/\x00l\x00y\x00m\x00p\x00h\x00o\x00c\x00y\x00t\x00e\x00/\x00d\x00e\x00t\x00e\x00c\x00t\x00i\x00o\x00n\x00_\x00m\x00a\x00s\x00k\x00s\x00
    Image bit depth:\xff\xfe8\x00-\x00b\x00i\x00t\x00 \x00i\x00n\x00t\x00e\x00g\x00e\x00r\x00
    Overwrite existing files without warning?:\xff\xfeY\x00e\x00s\x00
    When to save:\xff\xfeE\x00v\x00e\x00r\x00y\x00 \x00c\x00y\x00c\x00l\x00e\x00
    Record the file and path information to the saved image?:\xff\xfeN\x00o\x00
    Create subfolders in the output folder?:\xff\xfeN\x00o\x00
    Base image folder:\xff\xfeE\x00l\x00s\x00e\x00w\x00h\x00e\x00r\x00e\x00.\x00.\x00.\x00\x7C\x00

ExportToSpreadsheet:[module_num:17|svn_version:\'Unknown\'|variable_revision_number:12|show_window:False|notes:\x5B\x5D|batch_state:array(\x5B\x5D, dtype=uint8)|enabled:True|wants_pause:False]
    Select the column delimiter:\xff\xfeC\x00o\x00m\x00m\x00a\x00 \x00(\x00""\x00,\x00""\x00)\x00
    Add image metadata columns to your object data file?:\xff\xfeN\x00o\x00
    Select the measurements to export:\xff\xfeN\x00o\x00
    Calculate the per-image mean values for object measurements?:\xff\xfeN\x00o\x00
    Calculate the per-image median values for object measurements?:\xff\xfeN\x00o\x00
    Calculate the per-image standard deviation values for object measurements?:\xff\xfeN\x00o\x00
    Output file location:\xff\xfeD\x00e\x00f\x00a\x00u\x00l\x00t\x00 \x00I\x00n\x00p\x00u\x00t\x00 \x00F\x00o\x00l\x00d\x00e\x00r\x00 \x00s\x00u\x00b\x00-\x00f\x00o\x00l\x00d\x00e\x00r\x00\x7C\x00w\x00o\x00r\x00k\x00s\x00p\x00a\x00c\x00e\x00/\x00a\x00u\x00t\x00o\x00m\x00a\x00t\x00e\x00d\x00_\x00p\x00a\x00t\x00h\x00o\x00l\x00o\x00g\x00y\x00/\x00l\x00y\x00m\x00p\x00h\x00o\x00c\x00y\x00t\x00e\x00
    Create a GenePattern GCT file?:\xff\xfeN\x00o\x00
    Select source of sample row name:\xff\xfeM\x00e\x00t\x00a\x00d\x00a\x00t\x00a\x00
    Select the image to use as the identifier:\xff\xfeN\x00o\x00n\x00e\x00
    Select the metadata to use as the identifier:\xff\xfeN\x00o\x00n\x00e\x00
    Export all measurement types?:\xff\xfeY\x00e\x00s\x00
    Press button to select measurements:\xff\xfe
    Representation of Nan/Inf:\xff\xfeN\x00a\x00N\x00
    Add a prefix to file names?:\xff\xfeY\x00e\x00s\x00
    Filename prefix:\xff\xfed\x00e\x00t\x00e\x00c\x00t\x00e\x00d\x00_\x00
    Overwrite existing files without warning?:\xff\xfeN\x00o\x00
    Data to export:\xff\xfeD\x00o\x00 \x00n\x00o\x00t\x00 \x00u\x00s\x00e\x00
    Combine these object measurements with those of the previous object?:\xff\xfeN\x00o\x00
    File name:\xff\xfeD\x00A\x00T\x00A\x00.\x00c\x00s\x00v\x00
    Use the object name for the file name?:\xff\xfeY\x00e\x00s\x00
"
Run_Timestamp,2018-11-26T17:38:02.649803
